Published,Subscription,Title,Link,ID,Author,Summary,Media
"Mon, 31 Aug 2020 13:45:35 +0000",Android Authority,Lenovo unveils a slim Legion gaming laptop and a leather-clad Yoga,https://www.androidauthority.com/lenovo-legion-slim-7i-yoga-9i-laptops-1152813/,https://www.androidauthority.com/?p=1152813,Jon Fingas,The Lenovo Legion Slim 7i is now the lightest laptop ever with RTX graphics inside.,https://cdn57.androidauthority.net/wp-content/uploads/2020/08/lenovo-legion-slim-7i-500x260.jpg
"Mon, 31 Aug 2020 13:30:40 +0000",Android Authority,Lenovo unveils a $50 smart clock powered by Google Assistant,https://www.androidauthority.com/lenovo-smart-clock-essential-1152856/,https://www.androidauthority.com/?p=1152856,Jon Fingas,The smart speaker even has a nightlight to help you navigate in the dark.,https://cdn57.androidauthority.net/wp-content/uploads/2020/08/lenovo-smart-clock-essential-500x260.jpg
"Mon, 31 Aug 2020 13:28:43 +0000",Android Authority,OnePlus details controversial Oxygen OS 11 design changes,https://www.androidauthority.com/oxygen-os-11-design-changes-1153106/,https://www.androidauthority.com/?p=1153106,Dhruv Bhutani,Here's why OnePlus changed the design language in Oxygen OS.,https://cdn57.androidauthority.net/wp-content/uploads/2020/08/OnePlus-8-Pro-Android-11-dev-preview-new-font-500x260.jpg
"Mon, 31 Aug 2020 13:15:35 +0000",Android Authority,The Lenovo Tab P11 Pro is a $499 iPad Air alternative,https://www.androidauthority.com/lenovo-tab-p11-pro-1152757/,https://www.androidauthority.com/?p=1152757,Igor Bonifacic,Lenovo also announced the first tablet to feature Google's new Kid Space software.,https://cdn57.androidauthority.net/wp-content/uploads/2020/08/tab-p11-pro-header-500x260.jpg
"Mon, 31 Aug 2020 13:00:42 +0000",Android Authority,Motorola’s latest budget 5G phone looks very familiar,https://www.androidauthority.com/moto-one-5g-1153103/,https://www.androidauthority.com/?p=1153103,Hadlee Simons,Is Motorola taking a page out of Realme and Xiaomi's book?,https://cdn57.androidauthority.net/wp-content/uploads/2020/08/Moto-One-5G-official-image-500x260.jpg
"Mon, 31 Aug 2020 12:04:46 +0000",Android Authority,"Samsung’s 7,000mAh phone lands, and more tech news you need to know today",https://www.androidauthority.com/tech-news-103-1153128/,https://www.androidauthority.com/?p=1153128,Tristan Rayner,"7,000mAh? At this time of year? At this time of day? Localized entirely within a 6.7-inch Samsung Galaxy M51? Plus more tech!",https://cdn57.androidauthority.net/wp-content/uploads/2020/08/m51_001-500x260.jpg
"Mon, 31 Aug 2020 11:41:21 +0000",Android Authority,Huawei Watch Fit packs almost 100 sports modes for under $150 (Update),https://www.androidauthority.com/huawei-watch-fit-1146650/,https://www.androidauthority.com/?p=1146650,Adamya Sharma,"Now official, the Huawei Watch Fit shoves a trove of features into a compact fitness watch.",https://cdn57.androidauthority.net/wp-content/uploads/2020/08/Huawei-Watch-Fit-Leaked-Renders-500x260.jpg
"Mon, 31 Aug 2020 10:18:41 +0000",Android Authority,OnePlus Nord gets sixth Oxygen OS update: Still no August security patch,https://www.androidauthority.com/oneplus-nord-updates-1146181/,https://www.androidauthority.com/?p=1146181,Adamya Sharma,"Update: System stability improvements, better power management, but still stuck on the July security patch.",https://cdn57.androidauthority.net/wp-content/uploads/2020/07/OnePlus-Nord-dutch-angle-camera-module-500x260.jpg
"Mon, 31 Aug 2020 08:36:05 +0000",Android Authority,Samsung Galaxy S20 Fan Edition: Everything we know so far (Updated: August 31),https://www.androidauthority.com/samsung-galaxy-s20-fan-edition-1128056/,https://www.androidauthority.com/?p=1128056,Andy Walker,Update: Canadian pricing info has now leaked and it may be more than you bargained for.,https://cdn57.androidauthority.net/wp-content/uploads/2020/02/Samsung-Galaxy-S10-Lite-camera-cut-out-500x260.jpg
"Mon, 31 Aug 2020 08:10:26 +0000",Android Authority,You can now watch select Netflix originals for free without a subscription,https://www.androidauthority.com/netflix-free-access-1153042/,https://www.androidauthority.com/?p=1153042,Adamya Sharma,Don't have a Netflix subscription? Now watch some of the best Netflix originals for free!,https://cdn57.androidauthority.net/wp-content/uploads/2020/02/Netflix-with-popcorn-stock-photo-3-500x260.jpg
"Mon, 31 Aug 2020 07:41:14 +0000",Android Authority,Looks like Xiaomi’s budget smartwatch is all set to step out of China,https://www.androidauthority.com/xiaomi-mi-watch-revolve-india-launch-1153013/,https://www.androidauthority.com/?p=1153013,Adamya Sharma,The rebranded Mi Watch Color could be headed to India soon.,https://cdn57.androidauthority.net/wp-content/uploads/2020/06/Xiaomi-Mi-Watch-Color-Revolve-500x260.png
"Mon, 31 Aug 2020 06:58:52 +0000",Android Authority,Samsung Galaxy M51 is now official: Expect endurance for days,https://www.androidauthority.com/samsung-galaxy-m51-1096879/,https://www.androidauthority.com/?p=1096879,Hadlee Simons,"A Samsung phone with a 7,000mAh battery and 64MP quad camera setup for under €400?",https://cdn57.androidauthority.net/wp-content/uploads/2020/08/Samsung-Galaxy-M51-official-500x260.jpg
"Sun, 30 Aug 2020 11:04:02 +0530",Gizbot Gadgets,"Week 37, 2020 Launch Roundup: Vivo Y20i, ASUS ZenFone 7, Gionee M30, OPPO A53, Redmi 9 And More",https://www.gizbot.com/gadgets/features/week-37-2020-launch-roundup-vivo-y20i-asus-zenfone-7-gionee-m30-oppo-a53-redmi-9-and-more-069684.html,https://www.gizbot.com/gadgets/features/week-37-2020-launch-roundup-vivo-y20i-asus-zenfone-7-gionee-m30-oppo-a53-redmi-9-and-more-069684.html, ,"It looks like the electronics and gadget market will not crease to launch new offerings as there are many new devices that go official almost every other day. Last week, the much-awaited Nokia devices were launched in the Indian market after",https://www.gizbot.com/img/2020/08/week-37-2020-launch-roundup-vivo-y20i-asus-zenfone-7-gionee-m30-oppo-a53-redmi-9-and-more-1598763760.jpg
"Sat, 29 Aug 2020 04:00:16 +0530",Gizbot Gadgets,"Paytm Pay Day Sale 2020 Discounts On Smartphones, Laptops, Accessories And More",https://www.gizbot.com/gadgets/features/paytm-pay-day-sale-2020-discounts-on-smartphones-laptops-accessories-and-more-069659.html,https://www.gizbot.com/gadgets/features/paytm-pay-day-sale-2020-discounts-on-smartphones-laptops-accessories-and-more-069659.html, ,"Paytm Mall is hosting the Paytm Pay Day sale 2020 right now for its customers. During this sale, buyers can get attractive deals and discounts on a slew of products across categories. And, the sale provides buyers with up to 40%",https://www.gizbot.com/img/2020/08/paytm-sale-pay-day-sale-2020-1598613406.jpg
"Sun, 23 Aug 2020 04:00:07 +0530",Gizbot Gadgets,"Week 36, 2020 Launch Roundup: iQOO 5 Pro, Realme C15, LG K31, Lava Pulse And More",https://www.gizbot.com/gadgets/features/week-36-2020-launch-roundup-iqoo-5-pro-realme-c15-lg-k31-lava-pulse-and-more-069541.html,https://www.gizbot.com/gadgets/features/week-36-2020-launch-roundup-iqoo-5-pro-realme-c15-lg-k31-lava-pulse-and-more-069541.html, ,"There seems to be no slowdown in the tech industry across the world even during the pandemic crisis. Several tech brands have come up with many offerings such as laptops, smartphones, streaming devices, earbuds, and more. Notably, there are both global",https://www.gizbot.com/img/2020/08/week-36-2020-launch-roundup-iqoo-5-pro-realme-c15-lg-k31-lava-pulse-and-more-1598091895.jpg
"Wed, 19 Aug 2020 04:00:09 +0530",Gizbot Gadgets,Reliance Digital Festival Sale: Great Deals And Offers On Electronics Gadgets,https://www.gizbot.com/gadgets/features/reliance-digital-festival-sale-great-deals-and-offers-on-electronics-gadgets-069462.html,https://www.gizbot.com/gadgets/features/reliance-digital-festival-sale-great-deals-and-offers-on-electronics-gadgets-069462.html, ,"If you are someone who likes buying products from an offline store, then here is a golden opportunity. Reliance Digital has announced festival offers on electronic gadgets, where the electronic store chain is offering price cuts and deals on various products such as smart TVs and home accessories.",https://www.gizbot.com/img/2020/08/reliance-digital-festival-offers-on-electronics-gadgets-1597749482.jpg
"Tue, 18 Aug 2020 04:00:02 +0530",Gizbot Gadgets,"Amazon EMI Fest Offers On Smartphones, Laptops, Smart TVs, Speakers And More",https://www.gizbot.com/gadgets/features/amazon-emi-fest-offers-on-smartphones-laptops-smart-tvs-speakers-and-more-069443.html,https://www.gizbot.com/gadgets/features/amazon-emi-fest-offers-on-smartphones-laptops-smart-tvs-speakers-and-more-069443.html, ,"Amazon EMI Fest 2020 is now live from August 16 to August 21. During this sale, you can get lucrative discounts on a slew of product categories including electronics, smartphones, furniture and much more. Also, there will be some interesting discounts",https://www.gizbot.com/img/2020/08/amazon-emi-fest-on-best-smartphones-laptops-camera-smart-tvs-speakers-and-more-1597670809.jpg
"Mon, 17 Aug 2020 16:08:15 +0530",Gizbot Gadgets,"Last Week Most Trending Smartphones: Xiaomi Mi 10 Ultra, OnePlus Nord, Google Pixel 4a And More",https://www.gizbot.com/gadgets/features/last-week-most-trending-smartphones-xiaomi-mi-10-ultra-oneplus-nord-google-pixel-4a-and-more-069439.html,https://www.gizbot.com/gadgets/features/last-week-most-trending-smartphones-xiaomi-mi-10-ultra-oneplus-nord-google-pixel-4a-and-more-069439.html, ,Smartphone companies have been proactive with new product launches right from the beginning of this year. Even the lockdown situation across the globe that prevailed due to the Coronavirus outbreak had a little impact on new smartphone arrivals. Multiple brands routed to the markets to unveil their new offerings.,https://www.gizbot.com/img/2020/08/last-week-most-trending-smartphones-1597660654.jpg
"Sun, 16 Aug 2020 16:31:53 +0530",Gizbot Gadgets,"Week 35, 2020 Launch Roundup: Itel Vision 1, HTC Wildfire E2, Mi 10 Ultra And More",https://www.gizbot.com/gadgets/features/week-35-2020-launch-roundup-lenovo-yoga-slim-7i-itel-vision1-htc-wildfire-e2-xiaomi-mi-10-ultra-more-069422.html,https://www.gizbot.com/gadgets/features/week-35-2020-launch-roundup-lenovo-yoga-slim-7i-itel-vision1-htc-wildfire-e2-xiaomi-mi-10-ultra-more-069422.html, ,"The tech sector has been witnessing several new launches across product categories in recent times. There have been several smartphones, laptops, and other products that have been launched in both the global and local markets in the tech industry in the",https://www.gizbot.com/img/2020/08/week-35-2020-launch-roundup-lenovo-yoga-slim-7i-itel-vision1-htc-wildfire-e2-xiaomi-mi-10-ultra-more-1597575256.jpg
"Thu, 13 Aug 2020 17:02:42 +0530",Gizbot Gadgets,Paytm Mall Freedom Sale 2020: Special Discounts and Offers On Electronics Gadgets And More,https://www.gizbot.com/gadgets/features/paytm-mall-freedom-sale-2020-special-discounts-and-offers-on-electronics-gadgets-and-more-069387.html,https://www.gizbot.com/gadgets/features/paytm-mall-freedom-sale-2020-special-discounts-and-offers-on-electronics-gadgets-and-more-069387.html, ,"On Independence Day, Paytm Mall has come up with the Freedom Sale from August 11 to August 17. During this sale, there will be special focus on SMEs and Make in India brands. The products from these brands will be promoted",https://www.gizbot.com/img/2020/08/paytm-mall-freedom-sale-2020-special-discounts-and-offers-on-electronics-gadgets-1597318205.jpg
"Thu, 13 Aug 2020 04:00:31 +0530",Gizbot Gadgets,Reliance Digital Independence Day 2020 Sale: Great Deals And Offers On Gadgets,https://www.gizbot.com/gadgets/features/reliance-digital-independence-day-2020-sale-great-deals-and-offers-on-gadgets-069372.html,https://www.gizbot.com/gadgets/features/reliance-digital-independence-day-2020-sale-great-deals-and-offers-on-gadgets-069372.html, ,"Reliance Digital is one of the popular offline retailers to get the latest gadgets. Spread across India, Reliance Digital offers many discounts and sales, making gadgets an affordable option. Reliance Digital Independence Day sale is here and brings in many offers",https://www.gizbot.com/img/2020/08/reliance-digital-independence-day-2020-sale-great-deals-and-offers-on-gadgets-1597237945.jpg
"Wed, 12 Aug 2020 18:20:16 +0530",Gizbot Gadgets,"Samsung BlueFest Sale 2020: Best Offers and Discounts on Smartphones, Smart Watch, Tablets And More",https://www.gizbot.com/gadgets/features/samsung-independence-day-blue-fest-discounts-offers-on-smartphones-smart-watch-tablets-and-more-069365.html,https://www.gizbot.com/gadgets/features/samsung-independence-day-blue-fest-discounts-offers-on-smartphones-smart-watch-tablets-and-more-069365.html, ,"On account of the Independence Day, Samsung has announced the new Samsung BlueFest sale on its official website. During the sale that lasts from August 5 to August 15, the company will provide great discounts for buyers who choose products across categories.",https://www.gizbot.com/img/2020/08/samsung-independence-day-bluefest-1597227751.jpg
"Tue, 11 Aug 2020 14:32:35 +0530",Gizbot Gadgets,Amazon Freedom Sale 2020: Last Day Combo Offers On Gadgets And Accessories,https://www.gizbot.com/gadgets/features/amazon-freedom-sale-last-day-gadgets-and-accessories-on-discount-069343.html,https://www.gizbot.com/gadgets/features/amazon-freedom-sale-last-day-gadgets-and-accessories-on-discount-069343.html, ,"We are on the last day of Amazon Freedom Sale 2020. During the four-day sale on account of Independence Day, buyers had a collection of great offers and discounts on a range of product categories such as laptops, smartphones, TVs and",https://www.gizbot.com/img/2020/08/amazon-freedom-sale-last-day-discount-offers-1597136443.jpg
"Tue, 11 Aug 2020 12:26:52 +0530",Gizbot Gadgets,Paytm Launches All-in-One Portable Android POS Device For Rs. 499 Per Month,https://www.gizbot.com/gadgets/news/paytm-launches-all-in-one-android-portable-pos-price-069336.html,https://www.gizbot.com/gadgets/news/paytm-launches-all-in-one-android-portable-pos-price-069336.html, ,"In an attempt to empower SMEs with technology-led solutions, Paytm has come up with the country's first pocket Android POS device for contactless ordering and payments. The company has introduced &lsquo;Paytm All-in-One Portable Android Smart POS' for Rs. 499 rental per",https://www.gizbot.com/img/2020/08/paytm-launches-all-in-one-android-portable-pos-price-1597128792.jpg
"Fri, 14 Aug 2020 12:06:06 +0530",Gizbot Gadgets,"Week 34, 2020 Launch Roundup: Redmi 9 Prime, Realme V5 5G, Vivo S7, Galaxy Note 20 Ultra And More",https://www.gizbot.com/gadgets/features/week-34-2020-launch-roundup-smartphones-smart-tvs-and-more-069303.html,https://www.gizbot.com/gadgets/features/week-34-2020-launch-roundup-smartphones-smart-tvs-and-more-069303.html, ,"As we are in the second half of this year, several flagship smartphones are getting unveiled. Recently, the much-awaited Samsung Galaxy Note 20 series flagship smartphones saw the light of day along with a slew of other devices from the company.",https://www.gizbot.com/img/2020/08/week-34-2020-launch-roundup-smartphones-smart-tvs-and-more-1596883146.jpg
"Sun, 09 Aug 2020 04:00:34 +0530",Gizbot Gadgets,Amazon Freedom Sale 2020: Special Offers Electronic Gadgets,https://www.gizbot.com/gadgets/features/amazon-freedom-sale-started-special-offers-on-best-electronic-gadgets-accessories-069307.html,https://www.gizbot.com/gadgets/features/amazon-freedom-sale-started-special-offers-on-best-electronic-gadgets-accessories-069307.html, ,"The festive season and celebrations have just started and many online portals are offering many discounts for users. One of these is the Amazon Freedom Sale, which brings out many special offers on electronic gadgets.",https://www.gizbot.com/img/2020/08/amazon-sale-offers-discounts-news-top-gadgets-best-gadget-buyers-guide-1596895836.jpg
"Wed, 05 Aug 2020 13:40:46 +0530",Gizbot Gadgets,"Flipkart Big Saving Days Sale: No-Cost EMI, Exchange Offers On Smartphones And Gadgets",https://www.gizbot.com/gadgets/features/flipkart-big-saving-days-sale-no-cost-emi-exchange-offers-on-smartphones-and-gadgets-069237.html,https://www.gizbot.com/gadgets/features/flipkart-big-saving-days-sale-no-cost-emi-exchange-offers-on-smartphones-and-gadgets-069237.html, ,"Flipkart has announced that it will host the next big sale, the Big Saving Days sale on August 6. the sale is slated to last for five days, which is until August 10. And, the e-commerce portal has teamed up with",https://www.gizbot.com/img/2020/08/flipkart-big-saving-days-sale-1596614972.jpg
"Tue, 04 Aug 2020 17:49:14 +0530",Gizbot Gadgets,Amazon Prime Day 2020 Sale: All Offers And Discounts You Can Avail,https://www.gizbot.com/gadgets/features/amazon-prime-day-2020-sale-all-offers-and-discounts-you-can-avail-069222.html,https://www.gizbot.com/gadgets/features/amazon-prime-day-2020-sale-all-offers-and-discounts-you-can-avail-069222.html, ,Amazon prepares to kick off the Prime Day sale in India at midnight on August 6 2020. This sale will run for 48 hours and will provide Prime members with attractive discounts and offers for two full days. Not only shopping,https://www.gizbot.com/img/2020/08/amazon-prime-day-2020-sale-all-offers-and-discounts-you-can-avail-1596543492.jpg
"Sun, 02 Aug 2020 04:01:02 +0530",Gizbot Gadgets,"Week 33, 2020 Launch Roundup: OPPO A72 5G, Realme C15, HONOR 9A, OPPO Reno4 Pro, Vivo Y51s And More",https://www.gizbot.com/gadgets/features/week-33-2020-launch-roundup-oppo-a72-5g-realme-c15-honor-9a-oppo-reno4-pro-vivo-y51s-and-more-069191.html,https://www.gizbot.com/gadgets/features/week-33-2020-launch-roundup-oppo-a72-5g-realme-c15-honor-9a-oppo-reno4-pro-vivo-y51s-and-more-069191.html, ,"The coronavirus lockdown in India has not come to an end completely but it is gradually easing. Due to the relaxations, people across the country are adapting to the new normal. Having said that, the tech industry is not alone as",https://www.gizbot.com/img/2020/08/week-33-2020-launch-roundup-1596306010.jpg
"Wed, 29 Jul 2020 04:00:40 +0530",Gizbot Gadgets,Amazon Prime Day Sale Offers On Trending Electronic Gadgets,https://www.gizbot.com/gadgets/features/amazon-prime-day-sale-offers-on-trending-electronic-gadgets-069103.html,https://www.gizbot.com/gadgets/features/amazon-prime-day-sale-offers-on-trending-electronic-gadgets-069103.html, ,"Amazon Prime Day 2020 sale is all set to be hosted exclusively for the Prime members. While this sale is slated to happen on August 6 and 7, the online retailer has already listed the deals and discounts that it will",https://www.gizbot.com/img/2020/07/amazon-prime-days-offers-on-list-of-trending-electronics-gadgets-1595938260.jpg
"Sun, 26 Jul 2020 04:00:03 +0530",Gizbot Gadgets,"Week 32, 2020 Launch Roundup: Realme 6i, OnePlus Nord, Redmi Note 9, ASUS ROG Phone 3 And More",https://www.gizbot.com/gadgets/features/week-32-2020-launch-roundup-realme-6i-oneplus-nord-redmi-note-9-asus-rog-phone-3-and-more-069063.html,https://www.gizbot.com/gadgets/features/week-32-2020-launch-roundup-realme-6i-oneplus-nord-redmi-note-9-asus-rog-phone-3-and-more-069063.html, ,"While the whole world is still battling the COVID-19 pandemic and the economic crisis that it has brought in, the tech world seems to be quite obsessed with launches. Various global brands have come up with new product announcements such as",https://www.gizbot.com/img/2020/07/week-32-2020-launch-roundup-realme-6i-oneplus-nord-redmi-note-9-asus-rog-phone-3-and-more-1595679257.jpg
"Sat, 25 Jul 2020 04:00:13 +0530",Gizbot Gadgets,"Flipkart Offers: Discounts On Headphones, Printers, Camera And More",https://www.gizbot.com/gadgets/features/flipkart-offers-discounts-on-headphones-printers-camera-and-more-069045.html,https://www.gizbot.com/gadgets/features/flipkart-offers-discounts-on-headphones-printers-camera-and-more-069045.html, ,"Flipkart is one of the popular online retailing platforms, with a large user base in India. One of the reasons for Flipkart's attraction is its offers and discounts on a wide range of products. As one of the top e-commerce sites,",https://www.gizbot.com/img/2020/07/flipkart-offers-on-gadgets-1595616970.jpg
"Fri, 24 Jul 2020 17:29:47 +0530",Gizbot Gadgets,"Amazon Prime Days Sale Offers: Discounts On Smartphones, Cameras And Other Gadgets",https://www.gizbot.com/gadgets/features/amazon-prime-days-sale-2020-smartphones-cameras-and-more-gadgets-069036.html,https://www.gizbot.com/gadgets/features/amazon-prime-days-sale-2020-smartphones-cameras-and-more-gadgets-069036.html, ,Amazon India is geared up to host the Prime Day 2020 on August 6 and August 7. It is the first time that the e-commerce portal is hosting the sale in August as usually it hosts this sale in July. This,https://www.gizbot.com/img/2020/07/amazon-prime-days-sale-2020-sale-offers-discounts-1595591212.jpg
"Wed, 22 Jul 2020 04:00:25 +0530",Gizbot Gadgets,Amazon Grand Gaming Days Sale: Buy Gaming Gadgets No-Cost EMI Offers And Exchange Offers,https://www.gizbot.com/gadgets/features/amazon-grand-gaming-days-sale-buy-gaming-gadgets-no-cost-emi-offers-and-exchange-offers-068974.html,https://www.gizbot.com/gadgets/features/amazon-grand-gaming-days-sale-buy-gaming-gadgets-no-cost-emi-offers-and-exchange-offers-068974.html, ,"Amazon has announced that it will kick off the Grand Gaming Days sale. The sale is already live and will last until the midnight of July 23. During this three-day sale, customers will get up to 50% off on a range",https://www.gizbot.com/img/2020/07/amazon-upto-50-off-on-gaming-gadgets-no-cost-emi-offers-and-exchange-offers-1595356773.jpg
"Sun, 19 Jul 2020 04:00:34 +0530",Gizbot Gadgets,"Week 31, 2020 Launch Roundup: HONOR ViewPad 6, TECNO Spark 5 Pro, Vivo TWS Neo, OPPO A12s And More",https://www.gizbot.com/gadgets/features/week-31-2020-launch-roundup-honor-viewpad-6-tecno-spark-5-pro-vivo-tws-neo-oppo-a12s-realme-c1-068926.html,https://www.gizbot.com/gadgets/features/week-31-2020-launch-roundup-honor-viewpad-6-tecno-spark-5-pro-vivo-tws-neo-oppo-a12s-realme-c1-068926.html, ,"The whole world is facing an economic downturn due to the COVID-19 pandemic outbreak. Despite the major crisis, companies involved in making electronic devices such as smartphones, accessories, etc. do not seem to rest. While the usual offline launch events stand",https://www.gizbot.com/img/2020/07/tecno-spark-5-pro-vivo-tws-neo-oppo-a12s-realme-c11-and-more-1595082156.jpg
"Fri, 17 Jul 2020 13:54:05 +0530",Gizbot Gadgets,Amazon Sale On Audio Gadgets: No-Cost EMI Payment And Other Offers,https://www.gizbot.com/gadgets/features/amazon-sale-on-audio-gadgets-no-cost-emi-payment-and-other-offers-068886.html,https://www.gizbot.com/gadgets/features/amazon-sale-on-audio-gadgets-no-cost-emi-payment-and-other-offers-068886.html, ,"The audio gadgets portfolio has witnessed major improvements of late. Many companies have come forward with a wide range of audio products including headphones, earphones, truly wireless earbuds, home theaters, sound bars, and much more on this segment. With portal speakers",https://www.gizbot.com/img/2020/07/amazon-no-cost-emi-offers-on-audio-gadgets-1594960338.jpg
"Wed, 15 Jul 2020 16:51:15 +0530",Gizbot Gadgets,"Meet Jio Glass, The Mixed Reality Device For 3D Holographic Classes",https://www.gizbot.com/gadgets/news/meet-jio-glass-mixed-reality-device-068855.html,https://www.gizbot.com/gadgets/news/meet-jio-glass-mixed-reality-device-068855.html, ,"At the AGM 2020, Reliance Industries Limited made several announcements. One notable announcement is the confirmation that the company is working on mixed reality services. In addition to the confirmation, the company also demonstrated the prowess of the latest piece of",https://www.gizbot.com/img/2020/07/meet-jio-glass-mixed-reality-device-1594811927.jpg
"Tue, 14 Jul 2020 15:32:10 +0530",Gizbot Gadgets,"Fujifilm Instax Mini Link Smartphone Printer Launched For Rs. 9,499",https://www.gizbot.com/gadgets/news/fujifilm-instax-mini-link-smartphone-printer-price-features-068830.html,https://www.gizbot.com/gadgets/news/fujifilm-instax-mini-link-smartphone-printer-price-features-068830.html, ,"Fujifilm has announced the launch of the Instax Mini Link smartphone printer in India. This new small and portable instant printer for smartphones is priced at Rs. 9,499. This gadget can print photos on your smartphone on Fujifilm Instax Mini Instant",https://www.gizbot.com/img/2020/07/fujifilm-instax-mini-link-smartphone-printer-price-features-1594720783.jpg
"Tue, 14 Jul 2020 04:00:12 +0530",Gizbot Gadgets,"Amazon Best Of Tech 13th To 14th July: Discounts, EMI & Exchange Offers On Gadgets",https://www.gizbot.com/gadgets/features/amazon-best-of-tech-13th-to-14th-july-discount-emi-offers-and-exchange-offers-on-gadgets-068818.html,https://www.gizbot.com/gadgets/features/amazon-best-of-tech-13th-to-14th-july-discount-emi-offers-and-exchange-offers-on-gadgets-068818.html, ,"The online retailer Amazon India is hosting a two-day sale called Best if Tech sale on July 13 and 14. During this sale that debuted today, the e-commerce portal is providing some attractive deals and offers on some of the most",https://www.gizbot.com/img/2020/07/amazon-best-of-tech-13th-to-14th-jul-1594663371.jpg
"Sun, 12 Jul 2020 04:05:14 +0530",Gizbot Gadgets,"Week 30, 2020 Launch Roundup: Motorola One Vision Plus, Lava Z61 Pro, POCO M2 Pro, iQOO Z1x And More",https://www.gizbot.com/gadgets/features/week-30-2020-launch-roundup-motorola-one-vision-plus-lava-z61-pro-poco-m2-pro-iqoo-z1x-5g-068792.html,https://www.gizbot.com/gadgets/features/week-30-2020-launch-roundup-motorola-one-vision-plus-lava-z61-pro-poco-m2-pro-iqoo-z1x-5g-068792.html, ,"Last week has been quite busy with the launch of numerous devices including the much-awaited Poco M2 Pro. The Indian market witnessed the launch of some interesting devices across categories such as the Motorola One Vision Plus, Lava Z61 Pro, Samsung",https://www.gizbot.com/img/2020/07/week-30-2020-launch-roundup-motorola-one-vision-plus-lava-z61-pro-poco-m2-pro-iqoo-z1x-5g-and-more-1594467445.jpg
"Sun, 05 Jul 2020 04:00:02 +0530",Gizbot Gadgets,"Week 29, 2020 Launch Roundup: Motorola One Fusion, HONOR X10 Max, Realme C11 And More",https://www.gizbot.com/gadgets/features/week-29-2020-launch-roundup-smartphones-smart-tvs-and-more-068669.html,https://www.gizbot.com/gadgets/features/week-29-2020-launch-roundup-smartphones-smart-tvs-and-more-068669.html, ,"The electronics gadget market has not ceased bustling with activities in any case and the recent launches make the same evident. While we have seen quite a lot of smartphone launches of late, a slew of smart TVs have also made",https://www.gizbot.com/img/2020/07/week-29-2020-launch-roundup-motorola-one-fusion-honor-x10-max-realme-c11-and-mo-1593884857.jpg
"Sun, 28 Jun 2020 04:00:19 +0530",Gizbot Gadgets,"Week 28, 2020 Launch Roundup: Realme X3, HONOR 9A, Redmi 9, OPPO A11K And More",https://www.gizbot.com/gadgets/features/week-28-2020-launch-roundup-realme-x3-honor-9a-redmi-9-oppo-a11k-and-more-068528.html,https://www.gizbot.com/gadgets/features/week-28-2020-launch-roundup-realme-x3-honor-9a-redmi-9-oppo-a11k-and-more-068528.html, ,The electronics gadget market has been bustling with activities despite the COVID-19 pandemic outbreak. But one industry that remains unaffected seems to be the electronic gadget market. We say so as several new products have been launched in the Indian as well as global markets.,https://www.gizbot.com/img/2020/06/week-28-2020-launch-roundup-realme-x3-honor-9a-redmi-9-oppo-a11k-and-more-1593278679.jpg
"Tue, 25 Aug 2020 12:45:09 +0530",Gizbot Gaming,"PUBG Mobile Version 1.0 Brings Revamped UI, Expands 90Hz Mode To Everyone",https://www.gizbot.com/gaming/news/pubg-mobile-version-1-0-brings-revamped-ui-expands-90hz-mode-to-everyone-069586.html,https://www.gizbot.com/gaming/news/pubg-mobile-version-1-0-brings-revamped-ui-expands-90hz-mode-to-everyone-069586.html, ,PUBG Mobile has made a new announcement that aims to kickstart the &lsquo;New Era for PUBG'. The PUBG Mobile version 1.0 update brings in a new experience dubbed Beyond A.C.E. One of the major developments in the latest version is a,https://www.gizbot.com/img/2020/08/pubg-mobile-version-1-0-brings-revamped-ui-expands-90hz-mode-to-everyone-1598339457.jpg
"Tue, 25 Aug 2020 08:00:42 +0530",Gizbot Gaming,HITMAN 2016 Will Soon Be Available For Free On Epic Games; Here Is How To Grab A Copy,https://www.gizbot.com/gaming/news/hitman-2016-will-soon-be-available-for-free-on-epic-games-here-is-how-to-grab-a-copy-069573.html,https://www.gizbot.com/gaming/news/hitman-2016-will-soon-be-available-for-free-on-epic-games-here-is-how-to-grab-a-copy-069573.html, ,"Epic Games has been releasing two free titles every week for a limited time. Now, the store has officially confirmed that HITMAN 2016 will be available for free along with Shadowrun Collection from August 27 to September 3. Once you",https://www.gizbot.com/img/2020/08/hitman-2016-will-soon-be-available-for-free-on-epic-games-here-is-how-to-grab-a-copy-1598271171.jpg
"Mon, 24 Aug 2020 13:28:25 +0530",Gizbot Gaming,RTX 3090 To Require 850W Of Power; A Power Hungry GPU?,https://www.gizbot.com/gaming/news/rtx-3090-to-require-850w-of-power-a-power-hungry-gpu-069562.html,https://www.gizbot.com/gaming/news/rtx-3090-to-require-850w-of-power-a-power-hungry-gpu-069562.html, ,NVIDIA is very likely to launch the new RTX 3000 series of GPUs based on Ampere architecture on September 1. It is speculated that the RTX 3090 will be the most powerful GPU from the brand and we now have some,https://www.gizbot.com/img/2020/08/rtx-3090-to-require-850w-of-power-a-power-hungry-gpu1-1598255696.jpg
"Mon, 24 Aug 2020 12:13:23 +0530",Gizbot Gaming,"PUBG Announcement To Bring PUBG Mobile Championship: How To Watch, What To Expect",https://www.gizbot.com/gaming/news/pubg-announcement-to-bring-pubg-mobile-championship-how-to-watch-069557.html,https://www.gizbot.com/gaming/news/pubg-announcement-to-bring-pubg-mobile-championship-how-to-watch-069557.html, ,"PUBG is gearing up to make a couple of announcements today (August 24). As part of the new announcement, the popular gaming platform is expected to reveal a New Era for PUBG. It could bring in one of the biggest updates",https://www.gizbot.com/img/2020/08/pubg-announcement-to-bring-pubg-mobile-championship-how-to-watch-1598251170.jpg
"Sat, 22 Aug 2020 09:10:02 +0530",Gizbot Gaming,Microsoft Flight Simulator 2020; Everything You Need To Know,https://www.gizbot.com/gaming/news/microsoft-flight-simulator-2020-everything-you-need-to-know-069524.html,https://www.gizbot.com/gaming/news/microsoft-flight-simulator-2020-everything-you-need-to-know-069524.html, ,Microsoft recently announced Flight Simulator 2020 for Xbox and Windows 10 PC. The game has received amazing reviews across the platforms with its life-like graphics quality and it even supports 4K HDR gaming. If you are planning to get a,https://www.gizbot.com/img/2020/08/microsoft-flight-simulator-2020-everything-you-need-to-know-1598008254.jpg
"Fri, 21 Aug 2020 16:29:56 +0530",Gizbot Gaming,PUBG Mobile New Era Announcement On August 24; What To Expect?,https://www.gizbot.com/gaming/news/pubg-mobile-new-era-announcement-on-august-24-what-to-expect-069521.html,https://www.gizbot.com/gaming/news/pubg-mobile-new-era-announcement-on-august-24-what-to-expect-069521.html, ,"PUBG Mobile is one of the highest played battle royale style games on smartphones. Over the last few years, the company has introduced many features that have improved the overall gaming experience. Now, PUBG Mobile is all set to make a",https://www.gizbot.com/img/2020/08/pubg-mobile-new-era-announcement-on-august-24-what-to-expect-1598007371.jpg
"Fri, 14 Aug 2020 11:45:06 +0530",Gizbot Gaming,"Fortnite Gets Banned From Play Store, App Store: Here’s Why?",https://www.gizbot.com/gaming/news/fortnite-banned-from-play-store-and-app-store-for-the-same-reason-069392.html,https://www.gizbot.com/gaming/news/fortnite-banned-from-play-store-and-app-store-for-the-same-reason-069392.html, ,Fortnite one of the most played battle royale style games across the globe now has no place on two of the app market places in the smartphone ecosystem.  Though Fortnite was available on the Apple App Store for the,https://www.gizbot.com/img/2020/08/fortnite-banned-from-play-store-and-app-store-for-the-same-reason-1597375068.jpg
"Thu, 13 Aug 2020 10:34:02 +0530",Gizbot Gaming,PUBG Independence Day Challenge Announced: How To Earn Rewards,https://www.gizbot.com/gaming/news/pubg-independence-day-challenge-announced-how-to-earn-rewards-069374.html,https://www.gizbot.com/gaming/news/pubg-independence-day-challenge-announced-how-to-earn-rewards-069374.html, ,PUBG has come up with a new challenge for Indian players ahead of the 74th Independence Day. The PUBG Incredible India Independence Day Challenge is a new platform for gamers to win free rewards. Gamers can also buy exclusive Patriot Pack,https://www.gizbot.com/img/2020/08/pubg-independence-day-challenge-announced-how-to-earn-rewards1-1597294839.jpg
"Mon, 10 Aug 2020 12:35:23 +0530",Gizbot Gaming,Facebook Games Come To iOS But Skips Instant Gaming Feature,https://www.gizbot.com/gaming/news/facebook-games-come-to-ios-but-skips-instant-gaming-feature-069318.html,https://www.gizbot.com/gaming/news/facebook-games-come-to-ios-but-skips-instant-gaming-feature-069318.html, ,"Facebook is one of the new members to cash in on the gaming boom. The Facebook Games is now available on iOS, however, it skips the instant games feature due to Apple's policies. This means that Facebook Games doesn't have its",https://www.gizbot.com/img/2020/08/facebook-games-come-to-ios-but-skips-instant-gaming-feature-1597042830.jpg
"Fri, 07 Aug 2020 17:38:11 +0530",Gizbot Gaming,How To Enable 90FPS Mode In PUBG Mobile On OnePlus Smartphones,https://www.gizbot.com/gaming/features/how-to-enable-90fps-mode-in-pubg-mobile-on-oneplus-smartphones-069284.html,https://www.gizbot.com/gaming/features/how-to-enable-90fps-mode-in-pubg-mobile-on-oneplus-smartphones-069284.html, ,"OnePlus introduced a 90Hz refresh rate display on the OnePlus 7 Pro back in 2019. From then on, the company has launched a numerous number of smartphones with at least 90Hz refresh rate screen, including the OnePlus 8 series of smartphones.",https://www.gizbot.com/img/2020/08/how-to-enable-90fps-mode-in-pubg-mobile-on-oneplus-smartphones1-1596801799.jpg
"Sun, 02 Aug 2020 08:00:39 +0530",Gizbot Gaming,Sony PS5 State Of Play Event Likely To Happen This Month: Expected Announcements,https://www.gizbot.com/gaming/news/sony-ps5-state-of-play-event-likely-to-happen-this-month-069179.html,https://www.gizbot.com/gaming/news/sony-ps5-state-of-play-event-likely-to-happen-this-month-069179.html, ,"Sony PS5 is one of the much-awaited gaming units of 2020, rumored to be available by the holiday season. A new blog post by Sony reveals that the DualSense controller, even before the rumor mill begins spewing speculations about it. For",https://www.gizbot.com/img/2020/08/sony-ps5-state-of-play-event-likely-to-happen-this-month-1596265981.jpg
"Thu, 30 Jul 2020 16:14:43 +0530",Gizbot Gaming,PUBG Updates Privacy Policy For Indian Players To Avoid Ban; Will This Help?,https://www.gizbot.com/gaming/news/pubg-updates-privacy-policy-for-indian-players-to-avoid-ban-069144.html,https://www.gizbot.com/gaming/news/pubg-updates-privacy-policy-for-indian-players-to-avoid-ban-069144.html, ,"PUBG is appearing in the headlines lately, for a reason that might not appease many. Many rumors are highlighting that the popular gaming platform might be banned due to its ownership. But before things go out of hand, PUBG has just",https://www.gizbot.com/img/2020/07/pubg-updates-privacy-policy-for-indian-players-to-avoid-ban-1596105618.jpg
"Wed, 29 Jul 2020 14:04:29 +0530",Gizbot Gaming,Is PUBG A Chinese App? Here Is Everything You Need To Know,https://www.gizbot.com/gaming/features/is-pubg-a-chinese-app-here-is-everything-you-need-to-know-069115.html,https://www.gizbot.com/gaming/features/is-pubg-a-chinese-app-here-is-everything-you-need-to-know-069115.html, ,"PUBG has become a benchmark when it comes to smartphone gaming. It is available for free and the gameplay is also very engaging, which makes it one of the best games to play on a hand-held device such as smartphones. Due",https://www.gizbot.com/img/2020/07/is-pubg-a-chinese-app-here-is-everything-you-need-to-know-1596011502.jpg
"Wed, 29 Jul 2020 13:56:18 +0530",Gizbot Gaming,Is Free Fire a Chinese App? Here Is Everything You Need To Know,https://www.gizbot.com/gaming/features/is-free-fire-a-chinese-app-here-is-everything-you-need-to-know-069114.html,https://www.gizbot.com/gaming/features/is-free-fire-a-chinese-app-here-is-everything-you-need-to-know-069114.html, ,"Free Fire is one of the battle royale style online games that are available for both Android and iOS users for free of cost. Like most of the modern smartphone games, it also has in-app purchases, where the game developer will",https://www.gizbot.com/img/2020/07/is-free-fire-a-chinese-app-here-is-everything-you-need-to-know-1596010838.jpg
"Wed, 29 Jul 2020 11:35:51 +0530",Gizbot Gaming,"Is Call Of Duty Mobile Chinese Game? Here’s Everything About Founder, Developer, Country",https://www.gizbot.com/gaming/news/is-call-of-duty-mobile-chinese-game-here-s-everything-about-developer-country-069110.html,https://www.gizbot.com/gaming/news/is-call-of-duty-mobile-chinese-game-here-s-everything-about-developer-country-069110.html, ,Chinese apps are continually facing heat from the Indian Government over privacy and security concerns. It was recently reported that the popular PUBG gaming app is also under the radar and could be banned. This brings us to Call of Duty,https://www.gizbot.com/img/2020/07/is-call-of-duty-mobile-chinese-game-here-s-everything-about-developer-country-1596002413.jpg
"Tue, 21 Jul 2020 14:55:59 +0530",Gizbot Gaming,PUBG Mobile Addiction: 13-Year-Old Ends Life After Argument With Father,https://www.gizbot.com/gaming/news/pubg-mobile-addiction-13-year-old-ends-life-after-argument-with-father-068960.html,https://www.gizbot.com/gaming/news/pubg-mobile-addiction-13-year-old-ends-life-after-argument-with-father-068960.html, ,"PUBG Mobile is making headlines again, but for wrong reasons. In yet another incident, a 13-year-old boy died by suicide over an argument with his father for playing PUBG. The teenage hails from Qasbayar village of Southern district Pulwama and was",https://www.gizbot.com/img/2020/07/pubg-mobile-addiction-13-year-old-ends-life-after-argument-with-father-1595323322.jpg
"Thu, 16 Jul 2020 16:32:57 +0530",Gizbot Gaming,"Mi Curved Gaming Monitor Launched With WQHD, 15000R Curvature Display",https://www.gizbot.com/gaming/news/mi-curved-gaming-monitor-launched-with-15000r-curvature-display-068877.html,https://www.gizbot.com/gaming/news/mi-curved-gaming-monitor-launched-with-15000r-curvature-display-068877.html, ,"Xiaomi has been continuously expanding its product portfolio. The latest addition is the Xiaomi Mi Curved Gaming Monitor. The 34-inch gaming monitor is said to have a high refresh rate, narrow bezels on three sides, and an ultra-wide ratio. The gaming",https://www.gizbot.com/img/2020/07/mi-curved-gaming-monitor-launched-with-15000r-curvature-display-1594897154.jpg
"Tue, 14 Jul 2020 17:41:48 +0530",Gizbot Gaming,"PUBG Mobile Royal Pass Season 14 Brings New Subscription Plans, Rewards",https://www.gizbot.com/gaming/news/pubg-mobile-royal-pass-season-14-brings-new-subscription-plans-rewards-068834.html,https://www.gizbot.com/gaming/news/pubg-mobile-royal-pass-season-14-brings-new-subscription-plans-rewards-068834.html, ,"PUBG Mobile has another update for gamers. The PUBG Royal Pass Season 14: Spark the Flame is out now, giving gamers a plethora of new features. The update comes in a collaboration with Google, where Android players can sign up in",https://www.gizbot.com/img/2020/07/pubg-mobile-royal-pass-season-14-brings-new-subscription-plans-rewards-1594728476.jpg
"Thu, 09 Jul 2020 15:41:21 +0530",Gizbot Gaming,"Reliance Jio, Airtel Building An Ecosystem To Cash On Online Gaming",https://www.gizbot.com/gaming/news/reliance-jio-airtel-building-an-ecosystem-to-cash-on-online-gaming-068749.html,https://www.gizbot.com/gaming/news/reliance-jio-airtel-building-an-ecosystem-to-cash-on-online-gaming-068749.html, ,"Gaming is one of the sectors that have been booming since the pandemic-driven lockdown. With schools and businesses operating from home, it also paved the way for online gaming as a way to unwind for many. A report suggests that telcos",https://www.gizbot.com/img/2020/07/reliance-jio-airtel-building-an-ecosystem-to-cash-on-online-gaming-1594289225.jpg
"Fri, 03 Jul 2020 18:37:59 +0530",Gizbot Gaming,Boy Spends Parent's Rs. 16 Lakh Savings On PUBG Doing Micro Transaction,https://www.gizbot.com/gaming/news/boy-spends-parents-16-lakh-on-pubg-micro-transaction-punjab-068650.html,https://www.gizbot.com/gaming/news/boy-spends-parents-16-lakh-on-pubg-micro-transaction-punjab-068650.html, ,"We have heard crazy stories on PUBG and how some people have gone to the extreme to play the game, all just to achieve an online chicken dinner and this one tops everything. Now, a new story has surfaced from Punjab,",https://www.gizbot.com/img/2020/07/boy-spends-parent-s-rs-16-lakh-savings-on-pubg-doing-micro-transaction-1593781282.jpg
"Tue, 30 Jun 2020 17:23:17 +0530",Gizbot Gaming,"PUBG Mobile 0.19.0 Update Coming On July 7; To Bring In New Map, Bug Fixes",https://www.gizbot.com/gaming/news/pubg-mobile-0-19-0-update-coming-on-july-7-068579.html,https://www.gizbot.com/gaming/news/pubg-mobile-0-19-0-update-coming-on-july-7-068579.html, ,"PUBG Mobile will soon be getting a new update that will bring in a couple of new features. The PUBG Mobile 0.19.0 update will rollout on July 7, the company announced via its official Twitter handle. Some of the new features",https://www.gizbot.com/img/2020/06/pubg-mobile-0-19-0-update-coming-on-july-7-1593517772.jpg
"Tue, 23 Jun 2020 22:11:58 +0530",Gizbot Gaming,Acer Predator Gaming Portfolio Announced At Next@Acer 2020 Event,https://www.gizbot.com/gaming/news/acer-predator-gaming-portfolio-announced-at-next-acer-2020-event-068450.html,https://www.gizbot.com/gaming/news/acer-predator-gaming-portfolio-announced-at-next-acer-2020-event-068450.html, ,"Acer at its annual event Next@Acer 2020 has unveiled a new series of laptops and desktop PCs. Along with gaming laptops and computers, the company has also announced new gaming monitors, mouse, and a gaming chair. Here are some of the gaming-centric products that the company showcased.",https://www.gizbot.com/img/2020/06/acer-predator-gaming-portfolio-announced-at-next-acer-2020-event4-1592924114.jpg
"Thu, 18 Jun 2020 12:58:42 +0530",Gizbot Gaming,"Sony PS5 Price, Launch Date Accidentally Revealed Via Amazon",https://www.gizbot.com/gaming/news/sony-ps5-price-launch-date-accidentally-revealed-via-amazon-068358.html,https://www.gizbot.com/gaming/news/sony-ps5-price-launch-date-accidentally-revealed-via-amazon-068358.html, ,"Sony PlayStation 5 design was recently teased and instantly became one of the most trending gaming equipment. However, Sony hadn't announced the price or when the new PS5 would be available. According to a tipster, the price of the Sony PS5",https://www.gizbot.com/img/2020/06/sony-ps5-price-launch-date-accidentally-revealed-via-amazon-1592465108.jpg
"Wed, 17 Jun 2020 17:42:39 +0530",Gizbot Gaming,Pocket Aces’ Loco Joins Fnatic To Elevate eSports In India,https://www.gizbot.com/gaming/news/pocket-aces-loco-joins-fnatic-to-elevate-esports-in-india-068346.html,https://www.gizbot.com/gaming/news/pocket-aces-loco-joins-fnatic-to-elevate-esports-in-india-068346.html, ,"Loco -- a live game streaming app, has now partnered with the international e-sports organization -- Fnatic to boost the Indian online gaming ecosystem. As a part of this partnership, Fnatic India&rsquo;s entire roster will now be available on Loco. Besides,",https://www.gizbot.com/img/2020/06/pocket-aces-loco-joins-fnatic-to-elevate-esports-in-india-1592395709.jpg
"Wed, 17 Jun 2020 15:11:39 +0530",Gizbot Gaming,New Video Game EndeavorRX Gets FDA Approval As Medicine To Treat ADHD,https://www.gizbot.com/gaming/news/new-video-game-endeavorrx-for-adhd-kids-gets-fda-approval-068341.html,https://www.gizbot.com/gaming/news/new-video-game-endeavorrx-for-adhd-kids-gets-fda-approval-068341.html, ,"Video games have always been frowned upon by parents and guardians. But now, the tables are turning as this new video game will be used as medicine for children battling attention deficit hyperactivity disorder (ADHD). This video game is now the",https://www.gizbot.com/img/2020/06/new-video-game-endeavorrx-for-adhd-kids-gets-fda-approval-1592386633.jpg
"Tue, 16 Jun 2020 06:03:33 +0530",Gizbot Gaming,My Talking Tom Friends: A Game Tailor-Made For Small Children,https://www.gizbot.com/gaming/features/my-talking-tom-friends-a-game-tailor-made-for-small-children-068297.html,https://www.gizbot.com/gaming/features/my-talking-tom-friends-a-game-tailor-made-for-small-children-068297.html, ,"Smartphones are currently the go-to devices for gaming. We now have games that offer console-quality graphics and most of them are free as well. However, a majority of games might contain mature material and might not be suitable for small children.",https://www.gizbot.com/img/2020/06/my-talking-tom-friends-a-game-tailor-made-for-small-children-1592219958.jpg
"Mon, 15 Jun 2020 13:37:48 +0530",Gizbot Gaming,HyperX Showdown -- A New Online Gaming Series And Events Announced,https://www.gizbot.com/gaming/news/hyperx-showdown-a-new-online-gaming-series-and-events-announced-068292.html,https://www.gizbot.com/gaming/news/hyperx-showdown-a-new-online-gaming-series-and-events-announced-068292.html, ,"To keep its fans and customers engaged during the COVID-19 crisis, HyperX has announced a new online gaming series called the HyperX Showdown. The event will be hosted by celebrities from worlds of entertainment, music, sports, and gaming. &nbsp;",https://www.gizbot.com/img/2020/06/hyperx-showdown-a-new-online-gaming-series-and-events-announced-1592208321.jpg
"Sat, 13 Jun 2020 12:15:17 +0530",Gizbot Gaming,Google Stadia Opens Up To Android Phones With New Features,https://www.gizbot.com/gaming/news/google-stadia-comes-to-android-smartphones-068267.html,https://www.gizbot.com/gaming/news/google-stadia-comes-to-android-smartphones-068267.html, ,"Google Stadia is one of the latest addition to the game streaming market, but still very limited. The service is about to get more popular as Google Stadia will be available on all Android smartphones. Presently, the feature is an experiment,",https://www.gizbot.com/img/2020/06/google-stadia-comes-to-android-smartphones-1592030407.jpg
"Fri, 12 Jun 2020 11:41:19 +0530",Gizbot Gaming,Sony PS5 Design Unveiled: Check Out Sony PS5 Digital Edition And New Console,https://www.gizbot.com/gaming/news/sony-ps5-design-unveiled-check-out-sony-ps5-digital-edition-068244.html,https://www.gizbot.com/gaming/news/sony-ps5-design-unveiled-check-out-sony-ps5-digital-edition-068244.html, ,"Sony has unveiled the PlayStation 5, giving us an idea of how the new gaming console looks like. The design, as the images reveal, features a white and black design with wings. This time, Sony has designed the new PlayStation to",https://www.gizbot.com/img/2020/06/sony-ps5-design-unveiled-check-out-sony-ps5-digital-edition-1591941976.jpg
"Tue, 09 Jun 2020 15:27:59 +0530",Gizbot Gaming,Exclusive: Logitech G To Bring New Products To Help Gaming Community In India,https://www.gizbot.com/gaming/features/exclusive-logitech-g-to-bring-new-products-to-help-gaming-community-in-india-068181.html,https://www.gizbot.com/gaming/features/exclusive-logitech-g-to-bring-new-products-to-help-gaming-community-in-india-068181.html, ,"Logitech G is a brand known for premium and high-performance gaming accessories such as mouse, keyboard, headphones, and microphones. The brand has launched a lot of products over the last couple of years in India and is planning to bring more",https://www.gizbot.com/img/2020/06/exclusive-logitech-g-to-bring-new-products-to-help-gaming-community-in-india-1591696527.jpg
"Thu, 27 Aug 2020 15:07:37 +0530",Gizbot News,TikTok CEO Kevin Mayer Quits Only Days After Suing Trump Administration,https://www.gizbot.com/news/tiktok-ceo-kevin-mayer-quits-only-days-after-suing-trump-administration-069629.html,https://www.gizbot.com/news/tiktok-ceo-kevin-mayer-quits-only-days-after-suing-trump-administration-069629.html, ,"TikTok CEO Kevin Mayer has quit the company in the latest turn of events. General Manager Vanessa Pappas will take over on an interim basis, an internal memo reads. TikTok has been under the radar both in India and in the",https://www.gizbot.com/img/2020/08/tiktok-ceo-kevin-mayer-quits-only-days-after-suing-trump-administration-1598520799.jpg
"Tue, 25 Aug 2020 18:18:40 +0530",Gizbot News,India Develops First Sustainable Lithium-Sulfur Battery Technology; 3x Energy Than Conventional Li-I,https://www.gizbot.com/news/india-develops-first-sustainable-lithium-sulfur-battery-technology-3x-energy-than-conventional-li-i-069598.html,https://www.gizbot.com/news/india-develops-first-sustainable-lithium-sulfur-battery-technology-3x-energy-than-conventional-li-i-069598.html, ,"Researchers are constantly on a lookout for technologies that prove useful as well as harmless for our environment. India like other nations has been contributing to the same. In the latest development, new battery technology has been developed which is not",https://www.gizbot.com/img/2020/08/li-sulphur-battery-1598359467.jpg
"Wed, 19 Aug 2020 17:26:42 +0530",Gizbot News,Google Kormo Jobs App Launched In India To Help Connect Employees And Employers,https://www.gizbot.com/news/google-kormo-jobs-app-launched-in-india-to-help-job-seekers-069484.html,https://www.gizbot.com/news/google-kormo-jobs-app-launched-in-india-to-help-job-seekers-069484.html, ,"Google has been releasing a steady stream of services dedicated to India. The latest one is the Kormo Jobs app, which debuted in Bangladesh back in 2018. The new Kormo Jobs app, as the name suggests helps people create their digital",https://www.gizbot.com/img/2020/08/google-kormo-jobs-app-launched-in-india-to-help-job-seekers-1597837931.jpg
"Tue, 18 Aug 2020 12:37:59 +0530",Gizbot News,Reliance Industries To Buy Urban Ladder And Milkbasket To Increase E-Retail Reach,https://www.gizbot.com/news/reliance-industries-to-buy-urban-ladder-and-milkbasket-to-increase-e-retail-reach-069452.html,https://www.gizbot.com/news/reliance-industries-to-buy-urban-ladder-and-milkbasket-to-increase-e-retail-reach-069452.html, ,"It seems Reliance Industries is expanding its e-commerce presence in the country as it is reportedly planning to acquire Urban Ladder and Milkbasket. In fact, the talks between both companies are now at an advanced stage. The deal with Urban Ladder",https://www.gizbot.com/img/2020/08/relianceindustries-1597734405.jpg
"Fri, 14 Aug 2020 14:27:07 +0530",Gizbot News,Amazon Pharmacy Online Drug Store Announced; Can It Take On Flipkart?,https://www.gizbot.com/news/amazon-pharmacy-online-drug-store-announced-can-it-take-on-flipkart-069405.html,https://www.gizbot.com/news/amazon-pharmacy-online-drug-store-announced-can-it-take-on-flipkart-069405.html, ,"Amazon already has its presence in areas including web services, e-commerce, and more. Now, Amazon is set to launch an online drug store in India, starting from Bengaluru. Dubbed as Amazon Pharmacy, the move aims to widen the company's presence in",https://www.gizbot.com/img/2020/08/amazon-pharmacy-online-drug-store-announced-can-it-take-on-flipkart-1597395203.jpg
"Wed, 12 Aug 2020 12:50:42 +0530",Gizbot News,Google Converts Your Android Smartphone To Earthquake Detectors; Here’s How It Works,https://www.gizbot.com/news/google-converts-your-android-smartphone-to-earthquake-detectors-069360.html,https://www.gizbot.com/news/google-converts-your-android-smartphone-to-earthquake-detectors-069360.html, ,The uses of a smartphone are multifold. Google is working on making it even better with a new feature. The company has brought in an earthquake alert system that also works as a tremor detector for Android smartphones. The feature warns,https://www.gizbot.com/img/2020/08/google-converts-your-android-smartphone-to-earthquake-detectors-1597216623.jpg
"Tue, 11 Aug 2020 12:00:54 +0530",Gizbot News,Flipkart Now Supports Five New Indian Languages; Ups Competition With Amazon,https://www.gizbot.com/news/flipkart-now-supports-five-new-indian-languages-069335.html,https://www.gizbot.com/news/flipkart-now-supports-five-new-indian-languages-069335.html, ,"Flipkart recently held its annual Big Saving Days sale, giving away massive discounts on various products, including smartphones, laptops, and other gadgets. To garner more customers in India, Flipkart will now support five regional languages, allowing users to pick their choice.",https://www.gizbot.com/img/2020/08/flipkart-now-supports-five-new-indian-languages-1597127251.jpg
"Tue, 04 Aug 2020 12:21:23 +0530",Gizbot News,"Apple Summoned To Court Again, This Time Over Siri",https://www.gizbot.com/news/apple-summoned-to-court-again-this-time-over-siri-069213.html,https://www.gizbot.com/news/apple-summoned-to-court-again-this-time-over-siri-069213.html, ,"Apple is facing yet another lawsuit over patent infringement, this time for its smart voice assistant Siri. A Chinese AI company known as both Shanghai Zhizhen Intelligent Network Technology and as Xiao-i, has filed a lawsuit, suing Apple for 10 billion",https://www.gizbot.com/img/2020/08/apple-summoned-to-court-again-this-time-over-siri-1596523630.jpg
"Mon, 03 Aug 2020 11:22:58 +0530",Gizbot News,"“This Is Just The Beginning”, Says NASA Administrator After SpaceX Completes Astronaut Mission",https://www.gizbot.com/news/nasa-spacex-fully-complete-first-astronaut-mission-069196.html,https://www.gizbot.com/news/nasa-spacex-fully-complete-first-astronaut-mission-069196.html, ,"NASA is looking forward to the future of human spaceflight after the first crewed mission aboard the SpaceX rocket circled back to Earth, completing the mission. The SpaceX Crew Dragon capsule carrying NASA astronauts Bob Behnken and Doug Hurley has safely",https://www.gizbot.com/img/2020/08/nasa-spacex-fully-complete-first-astronaut-mission-1596433765.jpg
"Wed, 29 Jul 2020 15:46:18 +0530",Gizbot News,Huawei To Sack 60% Employees In India; Cuts Target By 50%,https://www.gizbot.com/news/huawei-to-sack-60-percent-employees-in-india-cuts-revenue-target-069102.html,https://www.gizbot.com/news/huawei-to-sack-60-percent-employees-in-india-cuts-revenue-target-069102.html, ,"Update: Huawei has responded to Gizbot noting that the reports of lay off are untrue. The Chinese company did not elaborate further on the matter. Huawei notes that it would continue to work closely with its customers in India, putting off",https://www.gizbot.com/img/2020/07/huawei-to-sack-60-percent-employees-in-india-cuts-revenue-target-1595937664.jpg
"Tue, 28 Jul 2020 15:53:38 +0530",Gizbot News,NASA Perseverance Rover Set To Liftoff On July 30; All Equipment Begin Boarding,https://www.gizbot.com/news/nasa-perseverance-rover-set-to-liftoff-on-july-30-069095.html,https://www.gizbot.com/news/nasa-perseverance-rover-set-to-liftoff-on-july-30-069095.html, ,"NASA is gearing up to send the Perseverance rover off to Mars, finally. The liftoff is set for July 30 from the Cape Canaveral Air Force Station, Florida. The Perseverance Martian rover is equipped with the latest tech, including a helicopter,",https://www.gizbot.com/img/2020/07/nasa-perseverance-rover-set-to-liftoff-on-july-30-1595931579.jpg
"Sat, 25 Jul 2020 11:46:38 +0530",Gizbot News,Corning Gorilla Glass Victus Announced With Notable Improvements,https://www.gizbot.com/news/corning-gorilla-glass-victus-announced-features-069051.html,https://www.gizbot.com/news/corning-gorilla-glass-victus-announced-features-069051.html, ,"Corning is a popular maker of durable glass that protects the display of phones. The company is known for its range of rugged glass panels for phones, tablets, laptops and wearables. Now, the company has come up with an improved product",https://www.gizbot.com/img/2020/07/corning-gorilla-glass-victus-announced-features-1595657580.jpg
"Fri, 24 Jul 2020 15:50:57 +0530",Gizbot News,"Indian Railways Ups Digitization, Brings In QR Codes For Contactless Ticketing",https://www.gizbot.com/news/indian-railways-brings-in-qr-codes-for-contactless-ticketing-069031.html,https://www.gizbot.com/news/indian-railways-brings-in-qr-codes-for-contactless-ticketing-069031.html, ,"Keeping up with the social distancing norms, the Indian railways is moving towards contactless ticketing. The railways will have tickets with QR codes, which will be scanned on handheld devices and mobile phones at various stations and aboard trains. Already 85",https://www.gizbot.com/img/2020/07/indian-railways-brings-in-qr-codes-for-contactless-ticketing-1595585853.jpg
"Fri, 24 Jul 2020 13:50:26 +0530",Gizbot News,How Has Tesla Grown Immensely Despite Economic Turmoil?,https://www.gizbot.com/news/how-has-tesla-grown-immensely-despite-economic-turmoil-069026.html,https://www.gizbot.com/news/how-has-tesla-grown-immensely-despite-economic-turmoil-069026.html, ,"Tesla, the company known for its advanced electric cars, recently announced its fourth consecutive quarterly profit. The company continued to make profits despite the economic disruption caused by the coronavirus pandemic.  Tesla raked in $104 million from March to",https://www.gizbot.com/img/2020/07/how-has-tesla-grown-immensely-despite-economic-turmoil-1595576638.jpg
"Wed, 22 Jul 2020 12:40:03 +0530",Gizbot News,"Apple Goes Green; Plans To Remove Carbon Emissions From Products, Supply Chain",https://www.gizbot.com/news/apple-plans-to-remove-carbon-emissions-from-products-supply-chain-068979.html,https://www.gizbot.com/news/apple-plans-to-remove-carbon-emissions-from-products-supply-chain-068979.html, ,"Climate change is one of the most overlooked crises. But Apple is set to bring changes to make things better. The company has announced that it would remove carbon emissions from its entire business, including products and its vast supply chain,",https://www.gizbot.com/img/2020/07/apple-plans-to-remove-carbon-emissions-from-products-supply-chain-1595401494.jpg
"Tue, 21 Jul 2020 10:46:22 +0530",Gizbot News,"What Is BlackRock Malware? List Of Apps It Affects, How It Works And More",https://www.gizbot.com/news/blackrock-malware-apps-affected-how-it-works-068951.html,https://www.gizbot.com/news/blackrock-malware-apps-affected-how-it-works-068951.html, ,"From time to time, we come across some or the other new malware that steals sensitive information from users. Now, a new malware called BlackRock has been discovered to affect as many as 377 popular smartphone apps across categories, thereby posing",https://www.gizbot.com/img/2020/07/blackrock-malware-apps-affected-how-it-works-1595308407.jpg
"Sat, 18 Jul 2020 14:10:33 +0530",Gizbot News,"Google Foryas Into Food Delivery In India; Plans To Take On Swiggy, Zomato",https://www.gizbot.com/news/google-is-the-latest-food-delivery-player-in-india-068909.html,https://www.gizbot.com/news/google-is-the-latest-food-delivery-player-in-india-068909.html, ,"Google has been steadily investing in India, be it in monetary terms or other services. The latest venture is in the food delivery system of India. Google is the latest US-based company to expand into the food delivery system; Amazon had",https://www.gizbot.com/img/2020/07/google-is-the-latest-food-delivery-player-in-india-1595051499.jpg
"Sat, 18 Jul 2020 10:10:08 +0530",Gizbot News,"Realme To Make Big Announcement At IFA 2020, Confirms CEO",https://www.gizbot.com/news/realme-ifa-2020-big-announcement-068907.html,https://www.gizbot.com/news/realme-ifa-2020-big-announcement-068907.html, ,"Back in February this year, Realme had big plans for the MWC 2020 but in vain as the event was called off due to the pandemic crisis. Now, it looks like the company is all set to make a big announcement",https://www.gizbot.com/img/2020/07/realme-ifa-2020-big-announcement-1595047027.jpg
"Fri, 17 Jul 2020 13:04:46 +0530",Gizbot News,NASA James Webb Telescope Launch Delayed; New Date Scheduled For October 2021,https://www.gizbot.com/news/nasa-james-webb-telescope-launch-delayed-liftoff-on-october-2021-068894.html,https://www.gizbot.com/news/nasa-james-webb-telescope-launch-delayed-liftoff-on-october-2021-068894.html, ,"NASA has many launched planned for the coming few years. This includes the launch and setup of the James Webb space telescope. However, due to several delays, the NASA James Webb telescope launch has been pushed back for another seven months.",https://www.gizbot.com/img/2020/07/nasa-james-webb-telescope-launch-delayed-liftoff-on-october-2021-1594971055.jpg
"Thu, 16 Jul 2020 14:25:16 +0530",Gizbot News,Airtel Might Extend Its Partnerships With Verizon To Launch More Services In India,https://www.gizbot.com/news/airtel-might-extend-its-partnerships-with-verizon-to-launch-more-services-in-india-068868.html,https://www.gizbot.com/news/airtel-might-extend-its-partnerships-with-verizon-to-launch-more-services-in-india-068868.html, ,"Airtel has recently joined hands with Verizon to launch a video-conferencing application in the country. The partnership will allow Airtel to offer its services to enterprises initially. However, it is expected that Airtel will launch more products with Verizon. Both",https://www.gizbot.com/img/2020/07/airtel-might-extend-its-partnerships-with-verizon-to-launch-more-services-in-india-1594883893.jpg
"Thu, 16 Jul 2020 14:15:11 +0530",Gizbot News,"Zoom’s Latest Move Might Leave Rivals Google Duo, Microsoft Teams Far Behind",https://www.gizbot.com/news/zooms-latest-move-might-leave-rivals-google-duo-microsoft-teams-far-behind-068871.html,https://www.gizbot.com/news/zooms-latest-move-might-leave-rivals-google-duo-microsoft-teams-far-behind-068871.html, ,"Zoom, the company behind the video conferencing app that witnessed an unprecedented spike in its user base, has taken the video calling experience a notch higher. The company has launched a 27-inch display, making it the first hardware product in the",https://www.gizbot.com/img/2020/07/pic-1594888695.jpg
"Wed, 15 Jul 2020 11:55:30 +0530",Gizbot News,SpaceX Starlink Public Beta Testing To Enter Next Phase Soon,https://www.gizbot.com/news/spacex-starlink-public-beta-testing-to-enter-next-phase-soon-068848.html,https://www.gizbot.com/news/spacex-starlink-public-beta-testing-to-enter-next-phase-soon-068848.html, ,"SpaceX had begun the beta test for the Starlink internet subscription a few weeks back. Now, SpaceX is said to provide internet service to select the number of people who've signed up for the beta testing. The private space company has",https://www.gizbot.com/img/2020/07/spacex-starlink-public-beta-testing-to-enter-next-phase-soon-1594794117.jpg
"Mon, 13 Jul 2020 16:46:43 +0530",Gizbot News,"Google To Invest Rs. 75,000 Crores To Boost Digital India",https://www.gizbot.com/news/google-to-invest-rs-75-000-crores-to-boost-digital-india-068811.html,https://www.gizbot.com/news/google-to-invest-rs-75-000-crores-to-boost-digital-india-068811.html, ,"Google for India event has brought in a couple of announcements to boost digitization in India. The search giant will be investing Rs. 75,000 crores in India over the next five-seven years, announced Google CEO Sundar Pichai. Google's investment will focus",https://www.gizbot.com/img/2020/07/google-to-invest-rs-75-000-crores-to-boost-digital-india-1594638817.jpg
"Mon, 13 Jul 2020 15:59:28 +0530",Gizbot News,Intel Thunderbolt 4 Universal Dock Officially Announced: What Caught Our Attention?,https://www.gizbot.com/mobile/news/intel-thunderbolt-4-universal-dock-officially-announced-what-caught-our-attention-068810.html,https://www.gizbot.com/mobile/news/intel-thunderbolt-4-universal-dock-officially-announced-what-caught-our-attention-068810.html, ,"Intel introduced its Thunderbolt universal cable connectivity solution for external peripherals to a computer. The company has now unveiled the latest generation universal dock called the Thunderbolt 4. Additionally, the company has also introduced Thunderbolt 4 controller 8000 series comprising JHL8540",https://www.gizbot.com/img/2020/07/intel-thunderbolt-4-1594635811.jpg
"Mon, 13 Jul 2020 12:01:41 +0530",Gizbot News,"Google For India 2020 Event Today: How To Live Stream, What To Expect",https://www.gizbot.com/news/google-for-india-2020-event-today-what-to-expect-068802.html,https://www.gizbot.com/news/google-for-india-2020-event-today-what-to-expect-068802.html, ,"Google for India event is going to be a virtual event this year, like most events. This year's event marks the sixth annual meet, scheduled for today (July 13) at 2 PM. Alphabet and Google CEO Sundar Pichai will be delivering",https://www.gizbot.com/img/2020/07/google-for-india-2020-event-today-what-to-expect-1594621704.jpg
"Sat, 11 Jul 2020 13:01:59 +0530",Gizbot News,ISRO To Launch Brazil’s Amazonia-1 Satellite Next Month,https://www.gizbot.com/news/isro-to-launch-brazil-amazonia-1-satellite-next-month-068784.html,https://www.gizbot.com/news/isro-to-launch-brazil-amazonia-1-satellite-next-month-068784.html, ,"ISRO is also one of the organizations severely impacted by the pandemic and the lockdown. A lot of ISRO space missions have been delayed or put on hold as scientists are forced to work from home. Now, ISRO is gearing up",https://www.gizbot.com/img/2020/07/isro-to-launch-brazil-amazonia-1-satellite-next-month-1594452528.jpg
"Thu, 09 Jul 2020 12:54:18 +0530",Gizbot News,Flipkart Launches 2GUD Video Shopping Platform For Refurbished Goods; Will it Drive Sales?,https://www.gizbot.com/news/flipkart-launches-2gud-video-shopping-platform-for-refurbished-goods-068742.html,https://www.gizbot.com/news/flipkart-launches-2gud-video-shopping-platform-for-refurbished-goods-068742.html, ,Flipkart is venturing into social e-commerce with its new feature 2GUD for refurbished goods. Flipkart 2GUD is a video shopping platform available on the Flipkart app where users can check out influencers and follow some of the latest trends in the,https://www.gizbot.com/img/2020/07/flipkart-launches-2gud-video-shopping-platform-for-refurbished-goods-1594279241.jpg
"Wed, 08 Jul 2020 17:24:31 +0530",Gizbot News,NASA Wants Boeing Starliner Crew Capsule To Add More Safety Before Takeoff,https://www.gizbot.com/news/nasa-wants-boeing-starliner-crew-capsule-to-add-more-safety-068727.html,https://www.gizbot.com/news/nasa-wants-boeing-starliner-crew-capsule-to-add-more-safety-068727.html, ,"NASA commercial crew program will see only SpaceX rockets for a while. Boeing, the other company signed under the program, requires some more safety measures, NASA said. The premier space agency has added more safety recommendations for the Boeing Starliner crew",https://www.gizbot.com/img/2020/07/nasa-wants-boeing-starliner-crew-capsule-to-add-more-safety-1594209044.jpg
"Tue, 07 Jul 2020 21:24:24 +0530",Gizbot News,18-Year-Old TikTok Creator Ends Life Following Ban; Depression Suspected,https://www.gizbot.com/news/18-year-old-tiktok-star-ends-life-after-tiktok-ban-068719.html,https://www.gizbot.com/news/18-year-old-tiktok-star-ends-life-after-tiktok-ban-068719.html, ,"TikTok ban in India is having a drastic effect on many people, especially youngsters. An 18-year-old TikTok creator committed suicide. She was found by her cousin in her room. The girl reportedly had a lot of followers on TikTok and might",https://www.gizbot.com/img/2020/07/18-year-old-ends-life-after-tiktok-ban-1594136652.jpg
"Tue, 07 Jul 2020 12:12:38 +0530",Gizbot News,Samsung Announces Contactless Support In India; Get Issues Fixed Via WhatsApp,https://www.gizbot.com/news/samsung-announces-contactless-support-in-india-get-issues-fixed-via-whatsapp-068692.html,https://www.gizbot.com/news/samsung-announces-contactless-support-in-india-get-issues-fixed-via-whatsapp-068692.html, ,The smartphone industry like every other took a toll with the coronavirus outbreak. Several major tech events got canceled with lockdown situations all across the globe. Even the production and sales of smartphones and its accessories were hit due to this,https://www.gizbot.com/img/2020/07/samsung-contactless-whatsapp-support-1594040716.jpg
"Mon, 31 Aug 2020 12:08:55 +0000",Gizmo China,Apple iPhone 12 may see lower sales this year due to production delays,https://www.gizmochina.com/2020/08/31/apple-iphone-12-to-see-low-sales-delays-2020/,https://www.gizmochina.com/?p=339692,Sean,"The Apple iPhone 12 series will be the company’s 2020 flagship series. It is the company’s first 5G lineup and a new report has suggested that the series will reach up to 68 million units in shipment in the second half of 2020, which is lower than its predecessor. According to a DigiTimes report, the […]",images/gcLogo.png
"Mon, 31 Aug 2020 12:07:10 +0000",Gizmo China,OnePlus releases Bluetooth fix for the OnePlus Nord,https://www.gizmochina.com/2020/08/31/oneplus-releases-bluetooth-fix-for-the-oneplus-nord/,https://www.gizmochina.com/?p=339697,Habeeb Onawole,Some users of the OnePlus Nord reported they were facing Bluetooth connectivity issues last week. OnePlus has now released a small update that fixes the issue. The update which is just 54MB in size and has version number 10.5.6.AC01*A is already rolling out to a small percentage of users first before a wider roll-out in […],images/gcLogo.png
"Mon, 31 Aug 2020 11:41:39 +0000",Gizmo China,Xiaomi launches a new 20-inch version of MIJIA LCD Blackboard,https://www.gizmochina.com/2020/08/31/xiaomi-launches-a-new-20-inch-version-of-mijia-lcd-blackboard/,https://www.gizmochina.com/?p=339691,Sudarshan,"In August of 2019, Xiaomi launched MIJIA LCD Blackboard in 10-inch and 13.5-inch variants priced at 49 yuan ($7) and 79 yuan ($11) respectively. Now, a year later, the firm announces a new 20-inch version of this product. It will be available for a crowdfunding price of 129 yuan ($19) from September 2 in China. […]",images/gcLogo.png
"Mon, 31 Aug 2020 11:21:32 +0000",Gizmo China,Oppo dethrones Samsung as the top smartphone maker in the Southeast Asian market,https://www.gizmochina.com/2020/08/31/oppo-beats-samsung-top-phone-maker-southeast-asia/,https://www.gizmochina.com/?p=339687,Sean,"Oppo has recently toppled Samsung as the leading smartphone manufacturer in the Southeast Asian market for the second quarter of this year. The Chinese tech giant saw great success thanks to its broad arsenal of budget handsets. According to a Counterpoint Research report, Oppo topped the list with the highest market share for a smartphone […]",images/gcLogo.png
"Mon, 31 Aug 2020 10:53:11 +0000",Gizmo China,Huawei terminates Australian rugby league team sponsorship over political tensions,https://www.gizmochina.com/2020/08/31/huawei-ends-sponsorship-australia-rugby-team/,https://www.gizmochina.com/?p=339684,Sean,"Earlier today (31st August 2020), Huawei announced that it is terminating its sponsorship of an Australian rugby league team a year earlier than planned after certain issues within its business in the region. According to an official statement from the company, Huawei is ending its sponsorship of the Canberra Raiders at the end of the […]",images/gcLogo.png
"Mon, 31 Aug 2020 10:21:23 +0000",Gizmo China,"Upcoming Google Pixelbook to feature up to 16GB of RAM, launches in 2021: Report",https://www.gizmochina.com/2020/08/31/google-pixelbook-features-16gb-ram-2021-launch/,https://www.gizmochina.com/?p=339681,Sean,"Google is apparently working on a new Chromebook that is code named Halvor. This could be the successor of the company’s Pixelbook Go and is said to arrive sometime in 2021. According to a Chrome Unboxed report, the new machine’s code name was recently spotted in the Chromium Repository. Similarly, a 9to5Google report also revealed […]",images/gcLogo.png
"Mon, 31 Aug 2020 09:46:14 +0000",Gizmo China,Oppo patents a unique smartphone with an outward folding display,https://www.gizmochina.com/2020/08/31/oppo-patents-unique-foldable-smartphone/,https://www.gizmochina.com/?p=339675,Sean,"Foldable smartphones have been a new trend in the industry for over a year now and companies have made their respective offerings stand out quite a bit. Samsung had made a device with an inward folding display, while Huawei made one with an outward folding screen. Similarly, the Moto Razr 2019 followed a clamshell design […]",images/gcLogo.png
"Mon, 31 Aug 2020 07:59:08 +0000",Gizmo China,Huawei slows smartphone production due to recent US Sanctions,https://www.gizmochina.com/2020/08/31/huawei-slows-smartphone-production-us-sanctions/,https://www.gizmochina.com/?p=339659,Sean,"With the US crack down hard on Huawei intensifying, the effects of the recent sanctions have started to show, with a DigiTimes report revealing that the Chinese tech giant has slowed down its production of smartphones. Amidst the stricter regulations being placed upon Huawei, the company has had to slow down its pace of orders […]",images/gcLogo.png
"Mon, 31 Aug 2020 07:40:52 +0000",Gizmo China,IDC: Global Smartphone Market will recover in 2022; 5G handsets will account for 50% in 2023,https://www.gizmochina.com/2020/08/31/idc-global-smartphone-market-will-recover-in-2022-5g-handsets-will-account-for-50-in-2023/,https://www.gizmochina.com/?p=339665,Sudarshan,"International Data Corporation or IDC for short has released a new report on the global smartphone market. According to the research firm, the market will only recover in the year 2022. And by 2023, 5G handsets will account for 50% of the entire market. Smartphones have become a necessity in today’s fast-paced world. However, the […]",images/gcLogo.png
"Mon, 31 Aug 2020 07:17:25 +0000",Gizmo China,"Samsung showcases new 16GB mobile RAM, built using EUV technology",https://www.gizmochina.com/2020/08/31/samsung-showcases-16gb-ram-built-with-euv/,https://www.gizmochina.com/?p=339637,Sean,"Samsung, the known South Korean consumer electronics maker, is also a leading figure in producing memory chips. Now, the company has recently been showcasing its latest mobile RAM chips, which have been built using the extreme ultraviolet lithography technology. According to an Engadget report, Samsung has started the production of its new 16GB LPDDR5 mobile […]",images/gcLogo.png
"Mon, 31 Aug 2020 06:58:45 +0000",Gizmo China,ByteDance will require China’s approval for selling TikTok business in the US,https://www.gizmochina.com/2020/08/31/bytedance-needs-china-approval-tiktok-sale/,https://www.gizmochina.com/?p=339645,Jeet,"After concerns over the data collection practices of TikTok and the U.S. government’s threat to ban the short video social media app in the country if it doesn’t sell the business to an American company, everything was seemingly falling in line for the U.S. But that is no longer the case. As per the latest […]",images/gcLogo.png
"Mon, 31 Aug 2020 06:38:44 +0000",Gizmo China,Samsung Galaxy S20 FE’s pricing for Canada leaked,https://www.gizmochina.com/2020/08/31/samsung-galaxy-s20-fes-pricing-for-canada-leaked/,https://www.gizmochina.com/?p=339638,Anvinraj Valiyathara,"The arrival of the Samsung Galaxy S20 Fan Edition is drawing since recent reports have revealed almost everything about it. The Galaxy S20 FE is arriving as the successor for the Galaxy S10 Lite phone. Judging from the leaks, it appears that the Fan Edition phone may go official as early as next month. DealNTech […]",images/gcLogo.png
"Mon, 31 Aug 2020 06:15:57 +0000",Gizmo China,Samsung Display sells off its Suzhou LCD plant to TCL Technology,https://www.gizmochina.com/2020/08/31/samsung-display-sells-suzhou-lcd-plant/,https://www.gizmochina.com/?p=339631,Jeet,"Samsung Display, an arm of South Korea-based Samsung Electronics which makes display panel for various devices, has sold off its LCD production line located in Suzhou, China to TCL Technology. The move is in line with the company’s plan to stop the production of LCD panels by the end of this year. The South Korean […]",images/gcLogo.png
"Mon, 31 Aug 2020 06:14:03 +0000",Gizmo China,"Xiaomi Mi 10T Pro could be coming to India with around Rs. 35,000 (~$476) pricing",https://www.gizmochina.com/2020/08/31/xiaomi-mi-10t-pro-could-be-coming-to-india-with-around-rs-35000-476-pricing/,https://www.gizmochina.com/?p=339632,Anvinraj Valiyathara,"Last week, it was revealed that Xiaomi is gearing up to introduce Xiaomi Mi 10T and Xiaomi Mi 10T Pro smartphones in global markets including India. The images and key specs of the Mi 10T series have also appeared. Both phones are expected to replace the Xiaomi Mi 9T and Mi 9T Pro phones from […]",images/gcLogo.png
"Mon, 31 Aug 2020 05:58:16 +0000",Gizmo China,Xiaomi vertical wireless charging socket is now on sale in China for 129 yuan ($19),https://www.gizmochina.com/2020/08/31/xiaomi-vertical-wireless-charging-socket-sale/,https://www.gizmochina.com/?p=339625,Jeet,"Last month, Xiaomi started crowdfunding a vertical wireless charging socket on Xiaomi Mall, for a price of 109 yuan (~$16). By the end of the crowdfunding campaign, around 35,000 people backed the product. Now, the product is available for purchase on Xiaomi Mall, Xiaomi Youpin, and other retail channels of the company, carrying a price […]",images/gcLogo.png
"Mon, 31 Aug 2020 05:43:25 +0000",Gizmo China,Huawei shifts focus towards cloud computing business with U.S. chip access,https://www.gizmochina.com/2020/08/31/huawei-cloud-computing-us-chip-access/,https://www.gizmochina.com/?p=339622,Jeet,"The United States recently tightened sanctions against Huawei and its subsidiaries, banning the company from getting its hands on chipsets for smartphones or any of the other hardware products from the company. However, a new report from FT claims that despite the sanctions, the Chinese giant still has access to U.S. chipsets for the cloud […]",images/gcLogo.png
"Mon, 31 Aug 2020 05:24:52 +0000",Gizmo China,Xiaomi MIJIA high-end Washing Machine and Dryer to launch on September 1,https://www.gizmochina.com/2020/08/31/xiaomi-mijia-washing-machine-dryer-launch-1-september/,https://www.gizmochina.com/?p=339616,Jeet,"Xiaomi has taken to Weibo to announced that the company will be launching its new Smart Home Appliance on 1st September, i.e. tomorrow. The Chinese company is all set to launch a high-end Washing Machine & Dryer. Making the announcement, the company said that the new MIJIA high-end washer and dryer will be quieter, more […]",images/gcLogo.png
"Mon, 31 Aug 2020 05:02:58 +0000",Gizmo China,Redmi K30 Ultra Bluetooth SIG certified; Could be there an international variant?,https://www.gizmochina.com/2020/08/31/redmi-k30-ultra-bluetooth-sig-certified-could-be-there-an-international-variant/,https://www.gizmochina.com/?p=339613,Anvinraj Valiyathara,"Earlier this month, Xiaomi announced the Xiaomi Mi 10 Ultra and Redmi K30 Ultra smartphones in China. Soon after the launch, a Xiaomi spokesperson said that Xiaomi currently has no plans to launch the Mi 10 Ultra and Redmi K30 Ultra outside China. Leakster Mukul Sharma has spotted a couple of Redmi phones including Redmi […]",images/gcLogo.png
"Mon, 31 Aug 2020 04:04:12 +0000",Gizmo China,Realme V3 may launch tomorrow as the cheapest 5G phone from the brand,https://www.gizmochina.com/2020/08/31/realme-v3-may-launch-tomorrow-as-the-cheapest-5g-phone-from-the-brand/,https://www.gizmochina.com/?p=339607,Anvinraj Valiyathara,"Realme will be launching the Realme X7 series of smartphones in China tomorrow. The lineup has Realme X7 and Realme X7 Pro smartphones. A recent leak had claimed that a more powerful Realme X7 Pro with flagship specs like Snapdragon 865 will also debut tomorrow. However, the Chinese firm has not revealed any details on […]",images/gcLogo.png
"Mon, 31 Aug 2020 03:39:03 +0000",Gizmo China,Redmi K30 5G variants revealed ahead of rumored India launch,https://www.gizmochina.com/2020/08/31/redmi-k30-5g-variants-revealed-ahead-of-rumored-india-launch/,https://www.gizmochina.com/?p=339602,Anvinraj Valiyathara,"In December 2019, Redmi announced the Xiaomi Redmi K30 5G smartphone in China and it went on sale in the beginning of this year. It debuted as the brand’s first 5G-ready smartphone. The handset has recently received approval from the Bureau of Indian Standards (BIS) in India. It suggested that the India launch of the […]",images/gcLogo.png
"Mon, 31 Aug 2020 15:33:01 +0200",GSM Arena,Realme X7 and V3 pass 3C certification in China,https://www.gsmarena.com/realme_x7_and_v3_pass_3c_certification_in_china-news-45008.php,https://www.gsmarena.com/realme_x7_and_v3_pass_3c_certification_in_china-news-45008.php, , A pair of upcoming Realme phones passed through China’s 3C and revealing their charging speeds and not much else. The first listing is for the Realme X7 which bears the RMX2176 model number. It’s expected to launch tomorrow in China alongside Pro and Special versions and we’ve seen most of its key specs leak so far including its 65W  SuperDART charging. The phone is also expected to come wit...,https://fdn.gsmarena.com/imgroot/news/20/08/realmve-v3-x7-3c/-184x111/gsmarena_000.jpg
"Mon, 31 Aug 2020 14:44:02 +0200",GSM Arena,Oppo patent shows a clamshell foldable with the screen on the outside,https://www.gsmarena.com/oppo_patent_shows_a_clamshell_foldable_with_the_screen_on_the_outside-news-45007.php,https://www.gsmarena.com/oppo_patent_shows_a_clamshell_foldable_with_the_screen_on_the_outside-news-45007.php, ," Well over a year ago Oppo demonstrated a prototype foldable phone at the MWC, however nothing came of it. Since then multiple patents have surfaced, revealing various designs that the company is experimenting with. The latest design to crop up is a clamshell, kind of like an inverted Moto RAZR, and it has an interesting feature – angle detection.",https://fdn.gsmarena.com/imgroot/news/20/08/oppo-foldable-phone-patent/-184x111/gsmarena_000.jpg
"Mon, 31 Aug 2020 13:57:01 +0200",GSM Arena,Xiaomi Mi Watch Revolve (aka Color) and Mi Band 5 coming to India,https://www.gsmarena.com/xiaomi_mi_watch_revolve_aka_color_and_mi_band_5_will_reportedly_launch_in_india_soon-news-45005.php,https://www.gsmarena.com/xiaomi_mi_watch_revolve_aka_color_and_mi_band_5_will_reportedly_launch_in_india_soon-news-45005.php, ," Xiaomi is reportedly preparing to launch its first smartwatch in India, the Mi Watch Revolve. It will be joined by the company’s latest smart band, the Mi Band 5.",https://fdn.gsmarena.com/imgroot/news/20/08/xiaomi-watch-revolve-mi-band-5-india/-184x111/gsmarena_000.jpg
"Mon, 31 Aug 2020 13:24:36 +0200",GSM Arena,Realme C15 hands-on review,https://www.gsmarena.com/realme_c15_hands_on-review-2153.php,https://www.gsmarena.com/realme_c15_hands_on-review-2153.php, , ,https://fdn.gsmarena.com/imgroot/reviews/20/realme-c15/hands-on/-347x151/gsmarena_001.jpg
"Mon, 31 Aug 2020 13:09:02 +0200",GSM Arena,Samsung sells its LCD plant in China to TCL for $1.8 billion,https://www.gsmarena.com/samsung_sells_its_lcd_plant_in_china_to_tcl_for_18_billion-news-45004.php,https://www.gsmarena.com/samsung_sells_its_lcd_plant_in_china_to_tcl_for_18_billion-news-45004.php, ," Samsung Display has sold its LCD plant in Suzhou, China, insiders reveal. The main buyer is the local company CSOT which is owned by TCL, the conglomerate that also builds the alcatel smartphones.",https://fdn.gsmarena.com/imgroot/news/20/08/samsung-suzhou-plant-lcd-sell/-184x111/gsmarena_001.jpg
"Mon, 31 Aug 2020 12:21:01 +0200",GSM Arena,"Sony Xperia 5 II stars in massive leak, then stops by Geekbench",https://www.gsmarena.com/sony_xperia_5_ii_spotted_on_geekbench_and_in_plenty_of_product_images-news-45001.php,https://www.gsmarena.com/sony_xperia_5_ii_spotted_on_geekbench_and_in_plenty_of_product_images-news-45001.php, , Sony’s Xperia 5 II is all set to debut on September 17 and has been leaking left and right in the past weeks. The latest entry in the rumor mill is the phone’s Geekbench test run which reveals the expected - it’s powered by a Snapdragon 865 with 8GB RAM and runs Android 10.,https://fdn.gsmarena.com/imgroot/news/20/08/xperia-5-ii-geekbench-more-images/-184x111/gsmarena_000.jpg
"Mon, 31 Aug 2020 11:33:02 +0200",GSM Arena,Realme celebrates 45 million users around the world,https://www.gsmarena.com/realme_celebrates_45_million_users_around_the_world-news-45002.php,https://www.gsmarena.com/realme_celebrates_45_million_users_around_the_world-news-45002.php, ," It was late July when Realme announced some impressive results, including the number of global smartphone users - 40 million. Just five and a half weeks later the company has added 5 million to the tally to reach another milestone - 45 million users.",https://fdn.gsmarena.com/imgroot/news/20/08/realme-45-million-users/-184x111/gsmarena_001.jpg
"Mon, 31 Aug 2020 10:40:01 +0200",GSM Arena,"Samsung Galaxy M51 officially debuts with 7,000mAh battery",https://www.gsmarena.com/samsung_galaxy_m51_quietly_launches_in_europe-news-45003.php,https://www.gsmarena.com/samsung_galaxy_m51_quietly_launches_in_europe-news-45003.php, ," The Samsung Galaxy M51 has been a subject of a number of leaks for the last month or so and with the teaser from last week from Samsung, we were expecting the handset to make an appearance in India first. But to our surprise, the phone went official on Samsung's official German website.",https://fdn.gsmarena.com/imgroot/news/20/08/galaxy-m51-europe/-184x111/gsmarena_001.jpg
"Mon, 31 Aug 2020 09:53:01 +0200",GSM Arena,Huawei Watch Fit is official with big rectangular screen,https://www.gsmarena.com/huawei_watch_fit_is_official_with_big_screen_sales_begin_on_thursday-news-45000.php,https://www.gsmarena.com/huawei_watch_fit_is_official_with_big_screen_sales_begin_on_thursday-news-45000.php, , Huawei has been pushing wearables with impressive battery life - we’ve seen sporty watches like the Watch GT 2 or simple bands with basic functions like the Band 4. Now we also have Huawei Watch Fit - the latest smartwatch from the Chinese company that comes with a big rectangular display and promises a long battery life with plenty of features.,https://fdn.gsmarena.com/imgroot/news/20/08/huawei-watch-fit-ofic/-184x111/gsmarena_001.jpg
"Mon, 31 Aug 2020 07:30:01 +0200",GSM Arena,Huawei Enjoy 20 and Huawei Enjoy 20 Plus officially arriving on September 3,https://www.gsmarena.com/huawei_enjoy_20_and_huawei_enjoy_20_plus_officially_arriving_on_september_3-news-44999.php,https://www.gsmarena.com/huawei_enjoy_20_and_huawei_enjoy_20_plus_officially_arriving_on_september_3-news-44999.php, , ,https://fdn.gsmarena.com/imgroot/news/20/08/huawei-enjoy-20-ofic-date/-184x111/gsmarena_001.jpg
"Mon, 31 Aug 2020 04:00:01 +0200",GSM Arena,Sony WF-1000XM3 wireless noise canceling earphones review,https://www.gsmarena.com/sony_wf1000xm3_wireless_noise_canceling_earphones_review-news-44998.php,https://www.gsmarena.com/sony_wf1000xm3_wireless_noise_canceling_earphones_review-news-44998.php, ," The WF-1000XM3 are Sony's most popular truly wireless in-ear noise-canceling earphones. Launched in July of last year, they quickly became the most well regarded TWS noise-canceling earphones on the market. For many, it had the same combination of great active noise-canceling and good enough audio quality that the full-size WH-1000XM3 offered, but in a more discreet form.",https://fdn.gsmarena.com/imgroot/news/20/08/sony-wf-1000xm3/-184x111/gsmarena_014.jpg
"Mon, 31 Aug 2020 00:33:02 +0200",GSM Arena,Top 10 trending phones of week 35,https://www.gsmarena.com/top_10_trending_phones_of_week_35-news-44997.php,https://www.gsmarena.com/top_10_trending_phones_of_week_35-news-44997.php, , The trending chart this week was mostly driven by the rumor mill as the phones coming in the next few days got the most attention.,https://fdn.gsmarena.com/imgroot/news/19/04/top10-trending-phones/-184x111/gsmarena_003.jpg
"Sun, 30 Aug 2020 18:28:01 +0200",GSM Arena,"Week 35 in review: Zenfone 7 duo is here, Xperia 5 II is coming",https://www.gsmarena.com/week_34_in_review_zenfone_7_duo_is_here_xperia_5_ii_is_coming-news-44983.php,https://www.gsmarena.com/week_34_in_review_zenfone_7_duo_is_here_xperia_5_ii_is_coming-news-44983.php, , Welcome to this week's recap of the most exciting stories. Let's get started!,https://fdn.gsmarena.com/imgroot/news/19/04/week-in-review/-184x111/gsmarena_002.jpg
"Sun, 30 Aug 2020 14:13:02 +0200",GSM Arena,Weekly poll: are the Asus Zenfone 7 and 7 Pro sleeper hits?,https://www.gsmarena.com/weekly_poll_are_the_asus_zenfone_7_and_7_pro_sleeper_hits-news-44960.php,https://www.gsmarena.com/weekly_poll_are_the_asus_zenfone_7_and_7_pro_sleeper_hits-news-44960.php, ," The Asus Zenfone 7 Pro is a significant improvement over the previous generation. The Zenfone 6 from last year was pretty capable too, but it had issues translating that into sales. Can the new generation do better?",https://fdn.gsmarena.com/imgroot/news/20/08/weekly-poll-asus-zenfone-7/-184x111/gsmarena_000.jpg
"Sun, 30 Aug 2020 10:11:01 +0200",GSM Arena,Flashback: the Oppo N1 turned the camera around on you,https://www.gsmarena.com/flashback_the_oppo_n1_turned_the_camera_around_on_you-news-44982.php,https://www.gsmarena.com/flashback_the_oppo_n1_turned_the_camera_around_on_you-news-44982.php, ," Not long after phones first learned how to take photos came the first phones with dedicated selfie cameras. But the arrival of 3G networks meant that not just any camera would do – a core feature of 3G was the native video calls. Barely anyone did that, but we got some interesting phones out of it.",https://fdn.gsmarena.com/imgroot/news/20/08/flashback-oppo-n1/-184x111/gsmarena_0000.jpg
"Sun, 30 Aug 2020 05:14:01 +0200",GSM Arena,"Weekly poll results: under-display cameras are exciting, never mind potential downsides",https://www.gsmarena.com/weekly_poll_results_underdisplay_cameras_are_exciting_never_mind_potential_downsides-news-44958.php,https://www.gsmarena.com/weekly_poll_results_underdisplay_cameras_are_exciting_never_mind_potential_downsides-news-44958.php, ," Last week’s poll shows that the image quality of selfies is not a priority – instead most people prefer a sleek-looking, waterproof phone. 75% of voters were in favor of under-display cameras while only 25% preferred the flip-up design.",https://fdn.gsmarena.com/imgroot/news/20/08/weekl-poll-results-underscreen-vs-flipup-cams/-184x111/gsmarena_000.jpg
"Sun, 30 Aug 2020 01:00:01 +0200",GSM Arena,Here’s a more detailed look at the upcoming Sony Xperia 5 II in Black and Grey,https://www.gsmarena.com/heres_a_more_detailed_look_at_the_upcoming_sony_xperia_5_ii_in_black_and_grey-news-44996.php,https://www.gsmarena.com/heres_a_more_detailed_look_at_the_upcoming_sony_xperia_5_ii_in_black_and_grey-news-44996.php, ," In case you missed it, Sony already confirmed that the Xperia 5 II is going to be made official on September 17. A specs leak and a promo video later, there is now very little mystery left surrounding the smartphone. Still, here are a couple of extra, very detailed images of the incoming compact flagship, courtesy of Evan Blass.",https://fdn.gsmarena.com/imgroot/news/20/08/xperia-5-ii-more-renders/-184x111/gsmarena_001.jpg
"Sat, 29 Aug 2020 23:00:01 +0200",GSM Arena,Nokia is working on Power Earbuds Lite,https://www.gsmarena.com/nokia_is_working_on_power_earbuds_lite-news-44995.php,https://www.gsmarena.com/nokia_is_working_on_power_earbuds_lite-news-44995.php, ," If the original Nokia Power Earbuds BH-605 flew below your radar, we recommend giving our review a quick read. These turned out to be a hidden gem, offering great audio quality and an amazing battery life. If you can live with the slightly bigger and heavier design, there really isn’t much else to want out of the €90 MSPR buds.",https://fdn.gsmarena.com/imgroot/news/20/08/nokia-power-earbuds-lite-leak/-184x111/gsmarena_001.jpg
"Sat, 29 Aug 2020 21:00:01 +0200",GSM Arena,"Huawei Watch GT 2 Pro images, features and certification leak",https://www.gsmarena.com/huawei_watch_gt_2_pro_images_features_and_certification_leak-news-44992.php,https://www.gsmarena.com/huawei_watch_gt_2_pro_images_features_and_certification_leak-news-44992.php, ," We already know that Huawei is working on at least one new smart wearable – the Watch Fit. A new and rather bountiful leak now adds a Watch GT 2 Pro to the list, as well. Like the name suggests, this is not an entirely new device, like the rectangular Fit, but rather an upgrade, or next iteration of the company’s flagship GT line of wearables.",https://fdn.gsmarena.com/imgroot/news/20/08/huawei-watch-gt2-pro-leak/-184x111/gsmarena_001.jpg
"Sat, 29 Aug 2020 18:30:01 +0200",GSM Arena,Nokia 3.4 renders and specs leak,https://www.gsmarena.com/nokia_34_renders_and_specs_leak-news-44991.php,https://www.gsmarena.com/nokia_34_renders_and_specs_leak-news-44991.php, ," HMD Global’s participation in IFA 2020 is already quite certain, along with info that the company will be unveiling a slew of new budget to mid-range devices at the show. The Nokia 3.4, codenamed “Doctor Strange”, will likely be among these, alongside the Nokia 2.4, known as “Wolverine”.",https://fdn.gsmarena.com/imgroot/news/20/08/nokia-34-renders/-184x111/gsmarena_100.jpg
